id,sex,weight,height,height_m,weight_kg,BMI
1,M,190,77,1.9558,86.18248,22.53046233196531
2,F,120,70,1.778,54.431039999999996,17.21801647684928
3,F,110,68,1.7271999999999998,49.89512,16.72525749895791
4,M,150,72,1.8288,68.0388,20.343431890567484
5,O,120,66,1.6764,54.431039999999996,19.368292180110533
6,M,120,60,1.524,54.431039999999996,23.43563353793374
7,F,140,70,1.778,63.50288,20.087685889657493
